2give,2GIVE,2GIVE,2give
artbyte,ArtByte,ABY,artbyte
cardano,Cardano,ADA,cardano
adtoken,adToken,ADT,adtoken
adxnet,adx-net,adxnet,adex,ADX,adex
aeternity,Aeternity,AE,aeternity
aeon,Aeon,AEON,aeon
agorastokens,Agoras Tokens,AGRS,agoras
aion,aion,AION,aionnetwork
amber,ambrosus,AMB,ambrosus
synereo,Synereo,AMP,synereo
aragon,Aragon,ANT,aragonproject
apx,APX,APX,apxcoin
ardor,Ardor,ARDR,ardor
ark,ark,ARK,arkecosystem
aeron,aeron,ARN,aeronaero
maecenas,Maecenas,ART,maecenas
airswap,AirSwap,AST,airswap
atbcoin,ATBCoin,ATB,atbcoin
auroracoin,Auroracoin,AUR,auroracoin
aventus,Aventus,AVT,aventus
basicattentiontoken,Basic Attention Token,BAT,basicattentiontoken
bitbay,BitBay,BAY,bitbay
boolberry,Boolberry,BBR,boolberry
bitconnect,BitConnect,BCC,bitconnect
bitcoincash,Bitcoin Cash,BCH,bitcoincash
bytecoinbcn,Bytecoin,BCN,bytecoinbcn
blockmason,BlockMason Credit Protocol,BCPT,blockmason
bitcrystals,Bitcrystals,BCY,bitcrystals
belacoin,Bela,BELA,belacoin
beancash,bean-cash,BITB,bitbean
blitzcash,Blitzcash,BLITZ,blitzcash
blackcoin,BlackCoin,BLK,blackcoin
blocknet,Blocknet,BLOCK,theblocknet
blackmoon,blackmoon-crypto,Blackmoon Crypto,BMC,blackmooncrypto
binance-coin,binancecoin,Binance Coin,BNB,bnbtrader
bancor,Bancor,BNT,bancor
breakout,Breakout,BRK,breakoutcoin
bitcoin,Bitcoin,BTC,bitcoin
bitcoindark,BitcoinDark,BTCD,bitcoindark
bitcoin-gold,bitcoingold,Bitcoin Gold,BTG,BitcoinGoldHQ
bytom,BTM,bytomblockchain
bitmark,Bitmark,BTM,bitmark
bitshares,BitShares,BTS,bitshares
bitcore,Bitcore,BTX,bitcore_btx
burst,Burst,BURST,burstcoin
bytecent,Bytecent,BYC,bytecent
cannabiscoin,CannabisCoin,CANN,cannabiscoins
coindash,CoinDash,CDT,coindash
cofound-it,Cofound.it,CFI,cofoundit
clams,Clams,CLAM,clamcoin
cloakcoin,CloakCoin,CLOAK,cloak_coin
cybermiles,CyberMiles,CMT,cybermiles
cindicator,Cindicator,CND,cindicator
creditbit,Creditbit,CRB,creditbit
crown,Crown,CRW,crown
centra,Centra,CTR,centratech
curecoin,Curecoin,CURE,curecoin
civic,Civic,CVC,civicplatform
dash,Dash,DASH,dashpay
dentacoin,Dentacoin,DCN,dentacoin
decred,Decred,DCR,decred
digibyte,DigiByte,DGB,digibyte
digixdao,DigixDAO,DGD,digix
etheroll,Etheroll,DICE,etheroll
agrellodelta,agrellodelta,agrello,DLT,agrello
diamond,Diamond,DMD,dmd
encrypgen,EncrypGen,DNA,encrypgen
district0x,district0x,DNT,district0x
dogecoin,Dogecoin,DOGE,dogecoin
dopecoin,DopeCoin,DOPE,dopecoin
eboostcoin,eBoost,EBST,eboost
edgeless,Edgeless,EDG,edgeless
eidoo,Eidoo,EDO,eidoo
egulden,e-Gulden,EFL,egulden
evergreencoin,EverGreenCoin,EGC,evergreencoin
aelf,aelf,ELF,aelftrader
emercoin,Emercoin,EMC,emercoin
einsteinium,Einsteinium,EMC2,einsteinium
enigma-project,enigmaproject,Enigma,ENG,enigmacatalyst
enjin-coin,Enjin Coin,ENJ,enjincoin
energycoin,Energycoin,ENRG,energycoins
eos,EOS,EOS,eos
ethereum-classic,Ethereum Classic,ETC,ethereumclassic
ethereum,Ethereum,ETH,ethereum
everex,Everex,EVX,everex
expanse,EXP,expanseofficial
faircoin,FairCoin,FAIR,faircoin
factom,Factom,FCT,factom
foldingcoin,FoldingCoin,FLDC,foldingcoin
florincoin,FlorinCoin,FLO,florincoin
feathercoin,Feathercoin,FTC,feathercoin
etherparty,Etherparty,FUEL,etherparty
funfair,FunFair,FUN,funfair
gamecredits,GameCredits,GAME,GameCreditsCrypto
gas,Gas,GAS,gas
byteball,Byteball Bytes,GBYTE,byteball
goldcoin,GoldCoin,GLD,goldcoin
gnosisgno,gnosis,Gnosis,GNO,gnosisPM
golemnetworktokens,golem,GNT,golemproject
golos,Golos,GOLOS,golos
gridcoin,GridCoin,GRC,gridcoin
groestlcoin,Groestlcoin,GRS,groestlcoin
guppy,Matchpool,GUP,matchpool
genesis-vision,Genesis Vision,GVT,genesisvision
gxshares,GXShares,GXS,gxs
heat-ledger,HEAT,HEAT,heatledger
humaniq,Humaniq,HMQ,humaniq
hshare,Hshare,HSR,hshare
huntercoin,HunterCoin,HUC,huntercoin
iconomi,Iconomi,ICN,iconomi
icon,ICON,ICX,icon
influxcoin,Influxcoin,INFX,influxcoin
iocoin,I/O Coin,IOC,iodigitalcurrency
ion,ION,ION,ioncoin
internet-of-people,Internet of People,IOP,internetofpeople
ixledger,iXledger,IXT,ixledger
komodo,Komodo,KMD,komodoplatform
kyber-network,Kyber Network,KNC,kybernetwork
korecoin,Kore,KORE,newkorecoin
librarycredit,library-credit,lbry,LBC,lbry
ethlend,ETHLend,LEND,ethlend
leocoin,LEOcoin,LEO,leocoin
legendsroom,Legends Room,LGD,legendslgd
chainlink,ChainLink,LINK,linktrader
lykke,Lykke,LKK,lykke
lomocoin,LoMoCoin,LMC,lomocoin
loopring,Loopring,LRC,loopring
lisk,Lisk,LSK,lisk
litecoin,Litecoin,LTC,litecoin
lunyr,Lunyr,LUN,lunyr
maidsafecoin,MaidSafeCoin,MAID,maidsafecoin
decentraland,Decentraland,MANA,decentraland
memetic,Memetic / PepeCoin,MEME,memetic
iota,IOTA,MIOTA,iota
minexcoin,MinexCoin,MNX,minexcoin
modum,Modum,MOD,modum_io
monacoin,MonaCoin,MONA,monacoin
monetha,Monetha,MTH,monetha
masternodecoin,Masternodecoin,MTNC,masternodecoin
musicoin,Musicoin,MUSIC,musicoin
mysterium,Mysterium,MYST,mysteriumnetwork
nav-coin,NAV Coin,NAV,navcoin
neblio,Neblio,NEBL,neblio
neo,NEO,NEO,neo
neoscoin,NeosCoin,NEOS,neoscoin
nimiq,Nimiq,NET,nimiq
nolimitcoin,NoLimitCoin,NLC2,nolimitcoin
gulden,Gulden,NLG,gulden
namecoin,Namecoin,NMC,namecoin
numeraire,Numeraire,NMR,numeraire
nexium,Nexium,NXC,nexiumcoin
nexus,Nexus,NXS,nexus_social
nxt,Nxt,NXT,nxt
oax,OAX,OAX,openanx
omisego,OmiseGO,OMG,omise_go
omni,Omni,OMNI,omni
simple-token,simpletoken,Simple Token,OST,simple_token
opentradingnetwork,open-trading-network,Open Trading Network,OTN,open_trading_network
oxycoin,Oxycoin,OXY,oxycoin
particl,Particl,PART,particl
pascal-coin,Pascal Coin,PASC,pascalcoin
tenx,TenX,PAY,tenx
pinkcoin,PinkCoin,PINK,pinkcoin
pivx,PIVX,PIVX,pivx
pillar,Pillar,PLR,pillar
clearpoll,ClearPoll,POLL,clearpoll
potcoin,PotCoin,POT,potcoin
power-ledger,Power Ledger,POWR,powerledger
peercoin,Peercoin,PPC,peercoin
paypie,PayPie,PPP,paypie
populous,Populous,PPT,populous_platform
primas,Primas,PST,primas
pesetacoin,Pesetacoin,PTC,officialpesetacoin
patientory,Patientory,PTOY,ptoy
quantumresistantledger,Quantum Resistant Ledger,QRL,qrl
quantstamp,Quantstamp,QSP,quantstamp
qtum,Qtum,QTUM,qtum
radium,Radium,RADS,radiumcrypto
ripio-credit-network,Ripio Credit Network,RCN,ripiocreditnetwork
reddcoin,ReddCoin,RDD,reddcoin
raiden-network-token,raidennetworktoken,Raiden Network Token,RDN,raidennetwork
augur,Augur,REP,augur
request-network,Request Network,REQ,requestnetwork
rchain,RChain,RHOC,rchain
riecoin,rie,RIC,riecoin
rise,Rise,RISE,rise_coin
rlc,iExec RLC,RLC,iexec
red-pulse,Red Pulse,RPX,redpulse
rivetz,Rivetz,RVT,rivetz
salt,SALT,SALT,saltcoin
santiment,Santiment Network Token,SAN,santiment
steemdollars,steem-dollars,Steem Dollars,SBD,steemit
siacoin,Siacoin,SC,siacoin
shift,Shift,SHIFT,shiftnrg
sibcoin,SIBCoin,SIB,sibcoin
skycoin,Skycoin,SKY,skycoin
solarcoin,SolarCoin,SLR,solarcoin
salus,SaluS,SLS,salus
smartcash,SmartCash,SMART,smartcash
suncontract,SunContract,SNC,suncontract
singulardtv,SingularDTV,SNGLS,singulardtv
sonm,SONM,SNM,sonm
status,Status,SNT,statusim
soarcoin,Soarcoin,SOAR,soarcoin
spankchain,SpankChain,SPANK,spankchain
spreadcoin,SpreadCoin,SPR,spreadcoin
steem,Steem,STEEM,steem
storj,Storj,STORJ,storj
stratis,Stratis,STRAT,stratis
stox,Stox,STX,stox
substratum,Substratum,SUB,substratumnetwork
swarm-city,Swarm City,SWT,swarmcity
syndicate,Syndicate,SYNX,syndicatecommunity
syscoin,Syscoin,SYS,syscoin
hempcoin,HempCoin,THC,thehempcoin
fedoracoin,FedoraCoin,TIPS,fedoracoin
blocktix,Blocktix,TIX,blocktix
tokes,Tokes,TKS,tokesplatform
time-new-bank,Time New Bank,TNB,timenewbank
tierion,Tierion,TNT,tierion
trust,WeTrust,TRST,trustcoin
trustplus,TrustPlus,TRUST,trustpluscoin
tron,TRON,TRX,tronix
transfercoin,TransferCoin,TX,transfercoin
ubiq,Ubiq,UBQ,ubiq
unikoin-gold,Unikoin Gold,UKG,unikoingold
unobtanium,Unobtanium,UNO,unobtanium
tether,Tether,USDT,tether
vechain,VeChain,VEN,vechain
viacoin,Viacoin,VIA,viacoin
viberate,Viberate,VIB,viberate
vericoin,VeriCoin,VRC,vericoin
vertcoin,Vertcoin,VTC,vertcoin
wabi,WaBi,WABI,wabitoken
waves,WAVES,wavesplatform
wagerr,Wagerr,WGR,wagerr
wings,Wings,WINGS,wingsdao
walton,Walton,WTC,waltonchain
bitcoin-plus,Bitcoin Plus,XBC,bitcoinplus
xtrabytes,XTRABYTES,XBY,xtrabytes
counterparty,Counterparty,XCP,counterparty
digitalnote,DigitalNote,XDN,digitalnote
elastic,Elastic,XEL,xeltrader
nem,NEM,XEM,nem
stellar,Stellar,XLM,stellar
magi,Magi,XMG,coinmagi
monero,Monero,XMR,monero
myriad,Myriad,XMY,myriadcoin
primecoin,Primecoin,XPM,primecoin
nano,raiblocks,RaiBlocks,XRB,nanocurrency
ripple,Ripple,XRP,ripple
stealthcoin,Stealthcoin,XST,stealthcoin
exchange-union,Exchange Union,XUC,exchangeunion
vcash,Vcash,XVC,vcash
whitecoin,WhiteCoin,XWC,whitecoin
zcoin,ZCoin,XZC,zcoin
zclassic,ZClassic,ZCL,zclassic
zcash,Zcash,ZEC,zec
zencash,ZenCash,ZEN,zensys
0x,0x,ZRX,0xproject
